Data,Descrição,Identificação,check,Tipo,Valor
01/12/2022,SISPAG TRIBUTOS,20221201001,20221201001,DEBIT,-61062.11
01/12/2022,SISPAG FORNECEDORES,20221201002,20221201002,DEBIT,-24000.00
01/12/2022,SISPAG FORNECEDORES,20221201003,20221201003,DEBIT,-13997.33
01/12/2022,SISPAG FORNECEDORES,20221201004,20221201004,DEBIT,-833.89
01/12/2022,SISPAG FORNECEDORES,20221201005,20221201005,DEBIT,-1367.50
01/12/2022,SISPAG FORNECEDORES,20221201006,20221201006,DEBIT,-150
01/12/2022,SISPAG FORNECEDORES,20221201007,20221201007,DEBIT,-107.06
01/12/2022,SISPAG FORNECEDORES TED,20221201008,20221201008,DEBIT,-110462.31
01/12/2022,SISPAG FORNECEDORES,20221201009,20221201009,DEBIT,-779
01/12/2022,TAR C/C SISPAG,20221201010,20221201010,DEBIT,-0.12
01/12/2022,TAR TED SISPAG,20221201011,20221201011,DEBIT,-29.5
01/12/2022,SISPAG  MB COMERCIO IMP,20221201012,20221201012,CREDIT,161.03
01/12/2022,PIX TRANSF  Dinatec01/12,20221201013,20221201013,CREDIT,75000.00
01/12/2022,PIX TRANSF  MARCUS 01/12,20221201014,20221201014,CREDIT,775
01/12/2022,TAR/CUSTAS COBRANCA,20221201015,20221201015,DEBIT,-28.4
01/12/2022,TAR CARTAO PJ,20221201016,20221201016,DEBIT,-7.35
01/12/2022,REND PAGO APLIC AUT MAIS,20221201017,20221201017,CREDIT,0.13
01/12/2022,MOV TIT COB DISP  01/12S,20221201018,20221201018,CREDIT,31016.64
02/12/2022,SISPAG TRIBUTOS,20221202001,20221202001,DEBIT,-62242.87
02/12/2022,SISPAG FORNECEDORES,20221202002,20221202002,DEBIT,-5782.11
02/12/2022,SISPAG FORNECEDORES,20221202003,20221202003,DEBIT,-2560.35
02/12/2022,SISPAG FORNECEDORES,20221202004,20221202004,DEBIT,-8569.60
02/12/2022,SISPAG FORNECEDORES TED,20221202005,20221202005,DEBIT,-4180.24
02/12/2022,SISPAG FORNECEDORES,20221202006,20221202006,DEBIT,-1590.00
02/12/2022,TAR C/C SISPAG,20221202007,20221202007,DEBIT,-0.36
02/12/2022,TAR TED SISPAG,20221202008,20221202008,DEBIT,-5.9
02/12/2022,PIX TRANSF  MARCUS 02/12,20221202009,20221202009,CREDIT,776.73
02/12/2022,TAR/CUSTAS COBRANCA,20221202010,20221202010,DEBIT,-11.36
02/12/2022,TAR MANUT CONTA    11/22,20221202011,20221202011,DEBIT,-61
02/12/2022,TAR PIX PGTO TRANSF,20221202012,20221202012,DEBIT,-15
02/12/2022,REND PAGO APLIC AUT MAIS,20221202013,20221202013,CREDIT,0.05
02/12/2022,MOV TIT COB DISP  02/12S,20221202014,20221202014,CREDIT,61246.01
05/12/2022,SISPAG FORNECEDORES,20221205001,20221205001,DEBIT,-102931.00
05/12/2022,SISPAG FORNECEDORES,20221205002,20221205002,DEBIT,-16500.00
05/12/2022,SISPAG FORNECEDORES,20221205003,20221205003,DEBIT,-37028.33
05/12/2022,SISPAG FORNECEDORES,20221205004,20221205004,DEBIT,-155.28
05/12/2022,SISPAG FORNECEDORES,20221205005,20221205005,DEBIT,-1388.66
05/12/2022,SISPAG FORNECEDORES TED,20221205006,20221205006,DEBIT,-14490.00
05/12/2022,SISPAG FORNECEDORES TED,20221205007,20221205007,DEBIT,-202977.03
05/12/2022,SISPAG FORNECEDORES,20221205008,20221205008,DEBIT,-46945.91
05/12/2022,TAR C/C SISPAG,20221205009,20221205009,DEBIT,-1.68
05/12/2022,TAR C/C SISPAG,20221205010,20221205010,DEBIT,-0.24
05/12/2022,TAR TED SISPAG,20221205011,20221205011,DEBIT,-17.7
05/12/2022,TAR TED SISPAG,20221205012,20221205012,DEBIT,-141.6
05/12/2022,SISPAG  BASE CARGO LTDA,20221205013,20221205013,CREDIT,5942.00
05/12/2022,SISPAG  BASE CARGO LTDA,20221205014,20221205014,CREDIT,55.12
05/12/2022,TED 2370158SONIA M M MA,20221205015,20221205015,CREDIT,24296.79
05/12/2022,TAR/CUSTAS COBRANCA,20221205016,20221205016,DEBIT,-39.76
05/12/2022,MOV TIT COB DISP  05/12S,20221205017,20221205017,CREDIT,446552.37
06/12/2022,SISPAG FORNECEDORES,20221206001,20221206001,DEBIT,-940
06/12/2022,SISPAG FORNECEDORES,20221206002,20221206002,DEBIT,-7000.00
06/12/2022,SISPAG FORNECEDORES TED,20221206003,20221206003,DEBIT,-6000.00
06/12/2022,SISPAG FORNECEDORES,20221206004,20221206004,DEBIT,-2837.00
06/12/2022,TAR C/C SISPAG,20221206005,20221206005,DEBIT,-0.12
06/12/2022,TAR TED SISPAG,20221206006,20221206006,DEBIT,-5.9
06/12/2022,SISPAG  AGROCERES N AN L,20221206007,20221206007,CREDIT,152.97
06/12/2022,SISPAG  AGROCERES N AN L,20221206008,20221206008,CREDIT,39
06/12/2022,SISPAG  DOCEMEL,20221206009,20221206009,CREDIT,19601.93
06/12/2022,TAR/CUSTAS COBRANCA,20221206010,20221206010,DEBIT,-14.2
06/12/2022,TAR CONTR/RENOV CTA GAR,20221206011,20221206011,DEBIT,-165
06/12/2022,MOV TIT COB DISP  06/12S,20221206012,20221206012,CREDIT,42397.86
07/12/2022,RSHOP-CARREFOUR E-001016,20221207001,20221207001,DEBIT,-292
07/12/2022,RSHOP-KALUNGA    -001016,20221207002,20221207002,DEBIT,-453.6
07/12/2022,RSHOP-SOLAR DA LI-001016,20221207003,20221207003,DEBIT,-994.68
07/12/2022,SISPAG TRIBUTOS,20221207004,20221207004,DEBIT,-23651.71
07/12/2022,SISPAG TRIBUTOS,20221207005,20221207005,DEBIT,-9040.90
07/12/2022,SISPAG FORNECEDORES,20221207006,20221207006,DEBIT,-11922.31
07/12/2022,SISPAG FORNECEDORES,20221207007,20221207007,DEBIT,-1856.00
07/12/2022,SISPAG FORNECEDORES,20221207008,20221207008,DEBIT,-759.6
07/12/2022,SISPAG FORNECEDORES,20221207009,20221207009,DEBIT,-600
07/12/2022,SISPAG FORNECEDORES TED,20221207010,20221207010,DEBIT,-5537.37
07/12/2022,SISPAG FORNECEDORES,20221207011,20221207011,DEBIT,-5882.42
07/12/2022,TAR C/C SISPAG,20221207012,20221207012,DEBIT,-0.12
07/12/2022,TAR TED SISPAG,20221207013,20221207013,DEBIT,-11.8
07/12/2022,SISPAG  FERMAC AIR SERV,20221207014,20221207014,CREDIT,857.52
07/12/2022,TAR/CUSTAS COBRANCA,20221207015,20221207015,DEBIT,-5.68
07/12/2022,REND PAGO APLIC AUT MAIS,20221207016,20221207016,CREDIT,0.69
07/12/2022,MOV TIT COB DISP  07/12S,20221207017,20221207017,CREDIT,6133.33
09/12/2022,SISPAG TRIBUTOS,20221209001,20221209001,DEBIT,-744.78
09/12/2022,SISPAG FORNECEDORES,20221209002,20221209002,DEBIT,-8570.08
09/12/2022,SISPAG FORNECEDORES,20221209003,20221209003,DEBIT,-13462.89
09/12/2022,SISPAG FORNECEDORES,20221209004,20221209004,DEBIT,-17789.42
09/12/2022,SISPAG FORNECEDORES,20221209005,20221209005,DEBIT,-183.38
09/12/2022,SISPAG FORNECEDORES TED,20221209006,20221209006,DEBIT,-505179.79
09/12/2022,SISPAG FORNECEDORES,20221209007,20221209007,DEBIT,-7276.33
09/12/2022,SISPAG FORNECEDORES,20221209008,20221209008,DEBIT,-4000.50
09/12/2022,TAR C/C SISPAG,20221209009,20221209009,DEBIT,-0.24
09/12/2022,TAR C/C SISPAG,20221209010,20221209010,DEBIT,-0.12
09/12/2022,TAR TED SISPAG,20221209011,20221209011,DEBIT,-23.6
09/12/2022,TAR/CUSTAS COBRANCA,20221209012,20221209012,DEBIT,-25.56
09/12/2022,SISPAG  AGROCERES N AN L,20221209013,20221209013,CREDIT,152.58
09/12/2022,SISPAG  AGROCERES N AN L,20221209014,20221209014,CREDIT,152.58
09/12/2022,SISPAG  AGROCERES N AN L,20221209015,20221209015,CREDIT,49.5
09/12/2022,SISPAG  AGROCERES N AN L,20221209016,20221209016,CREDIT,49.5
09/12/2022,SISPAG  LFX DESPACHOS,20221209017,20221209017,CREDIT,2035.05
09/12/2022,MOV TIT COB DISP  08/12S,20221209018,20221209018,CREDIT,424408.94
09/12/2022,TAR/CUSTAS COBRANCA,20221209019,20221209019,DEBIT,-21.09
09/12/2022,REND PAGO APLIC AUT MAIS,20221209020,20221209020,CREDIT,1.26
09/12/2022,MOV TIT COB DISP  09/12S,20221209021,20221209021,CREDIT,71810.79
12/12/2022,SISPAG  PIX TRANSFERENCI,20221212001,20221212001,DEBIT,-1970.85
12/12/2022,SISPAG  PIX TRANSFERENCI,20221212002,20221212002,DEBIT,-6475.65
12/12/2022,RSHOP-PAG*Mydock -001016,20221212003,20221212003,DEBIT,-1118.00
12/12/2022,SISPAG TRIBUTOS,20221212004,20221212004,DEBIT,-164121.81
12/12/2022,SISPAG TRIBUTOS,20221212005,20221212005,DEBIT,-43366.05
12/12/2022,SISPAG FORNECEDORES,20221212006,20221212006,DEBIT,-25460.30
12/12/2022,SISPAG FORNECEDORES,20221212007,20221212007,DEBIT,-2901.91
12/12/2022,SISPAG FORNECEDORES,20221212008,20221212008,DEBIT,-104.13
12/12/2022,SISPAG FORNECEDORES,20221212009,20221212009,DEBIT,-300
12/12/2022,SISPAG FORNECEDORES,20221212010,20221212010,DEBIT,-2100.00
12/12/2022,SISPAG FORNECEDORES,20221212011,20221212011,DEBIT,-850
12/12/2022,SISPAG FORNECEDORES TED,20221212012,20221212012,DEBIT,-4084.27
12/12/2022,SISPAG FORNECEDORES TED,20221212013,20221212013,DEBIT,-65097.69
12/12/2022,SISPAG FORNECEDORES,20221212014,20221212014,DEBIT,-18831.53
12/12/2022,TAR C/C SISPAG,20221212015,20221212015,DEBIT,-0.24
12/12/2022,TAR TED SISPAG,20221212016,20221212016,DEBIT,-5.9
12/12/2022,TAR TED SISPAG,20221212017,20221212017,DEBIT,-23.6
12/12/2022,SISPAG  BASE CARGO LTDA,20221212018,20221212018,CREDIT,1636.57
12/12/2022,SISPAG  BASE CARGO LTDA,20221212019,20221212019,CREDIT,3049.06
12/12/2022,SISPAG  ENGEVAL A E V E,20221212020,20221212020,CREDIT,62762.01
12/12/2022,SISPAG  GOLD FRUIT,20221212021,20221212021,CREDIT,35787.33
12/12/2022,SISPAG  MIDWAY CORRETAGE,20221212022,20221212022,CREDIT,1012.48
12/12/2022,PIX TRANSF  BRUNO T12/12,20221212023,20221212023,CREDIT,240.33
12/12/2022,PIX TRANSF  D C EXP12/12,20221212024,20221212024,CREDIT,5389.82
12/12/2022,TAR/CUSTAS COBRANCA,20221212025,20221212025,DEBIT,-39.76
12/12/2022,SISDEB  PORTO SEGURO,20221212026,20221212026,DEBIT,-857.68
12/12/2022,MOV TIT COB DISP  12/12S,20221212027,20221212027,CREDIT,236636.97
13/12/2022,SISPAG  PIX TRANSFERENCI,20221213001,20221213001,DEBIT,-150
13/12/2022,SISPAG TRIBUTOS,20221213002,20221213002,DEBIT,-21744.09
13/12/2022,SISPAG FORNECEDORES,20221213003,20221213003,DEBIT,-724.35
13/12/2022,SISPAG FORNECEDORES,20221213004,20221213004,DEBIT,-1040.00
13/12/2022,SISPAG FORNECEDORES,20221213005,20221213005,DEBIT,-850
13/12/2022,SISPAG FORNECEDORES TED,20221213006,20221213006,DEBIT,-11759.96
13/12/2022,SISPAG FORNECEDORES,20221213007,20221213007,DEBIT,-44332.70
13/12/2022,SISPAG FORNECEDORES,20221213008,20221213008,DEBIT,-1505.82
13/12/2022,TAR C/C SISPAG,20221213009,20221213009,DEBIT,-0.12
13/12/2022,TAR C/C SISPAG,20221213010,20221213010,DEBIT,-0.12
13/12/2022,TAR TED SISPAG,20221213011,20221213011,DEBIT,-11.8
13/12/2022,TAR 30H INT EMPR PLUS,20221213012,20221213012,DEBIT,-52.4
13/12/2022,PIX TRANSF  FRESH Q13/12,20221213013,20221213013,CREDIT,4568.26
13/12/2022,TAR/CUSTAS COBRANCA,20221213014,20221213014,DEBIT,-17.04
13/12/2022,REND PAGO APLIC AUT MAIS,20221213015,20221213015,CREDIT,1.09
13/12/2022,MOV TIT COB DISP  13/12S,20221213016,20221213016,CREDIT,48352.01
14/12/2022,SISPAG  PIX TRANSFERENCI,20221214001,20221214001,DEBIT,-365.77
14/12/2022,SISPAG  PIX TRANSFERENCI,20221214002,20221214002,DEBIT,-160.59
14/12/2022,SISPAG  PIX TRANSFERENCI,20221214003,20221214003,DEBIT,-150
14/12/2022,SISPAG  PIX TRANSFERENCI,20221214004,20221214004,DEBIT,-300
14/12/2022,SISPAG  PIX TRANSFERENCI,20221214005,20221214005,DEBIT,-3566.06
14/12/2022,SISPAG TRIBUTOS,20221214006,20221214006,DEBIT,-4777.76
14/12/2022,SISPAG TRIBUTOS,20221214007,20221214007,DEBIT,-1603.57
14/12/2022,SISPAG FORNECEDORES,20221214008,20221214008,DEBIT,-500
14/12/2022,SISPAG FORNECEDORES TED,20221214009,20221214009,DEBIT,-760.29
14/12/2022,SISPAG FORNECEDORES,20221214010,20221214010,DEBIT,-1505.82
14/12/2022,TAR C/C SISPAG,20221214011,20221214011,DEBIT,-0.12
14/12/2022,TAR TED SISPAG,20221214012,20221214012,DEBIT,-5.9
14/12/2022,SISPAG  NAUTILUS E INDS,20221214013,20221214013,CREDIT,4404.30
14/12/2022,CAMBIO,20221214014,20221214014,CREDIT,4841142.19
14/12/2022,01-FIN COMPRA 4022148347,20221214015,20221214015,CREDIT,380003.93
14/12/2022,01-FIN COMPRA 4022148359,20221214016,20221214016,CREDIT,450267.14
14/12/2022,TAR/CUSTAS COBRANCA,20221214017,20221214017,DEBIT,-14.2
14/12/2022,MOV TIT COB DISP  14/12S,20221214018,20221214018,CREDIT,45636.91
15/12/2022,SISPAG  PIX TRANSFERENCI,20221215001,20221215001,DEBIT,-344.1
15/12/2022,SISPAG  PIX TRANSFERENCI,20221215002,20221215002,DEBIT,-1663.30
15/12/2022,SISPAG TRIBUTOS,20221215003,20221215003,DEBIT,-227.63
15/12/2022,SISPAG FORNECEDORES,20221215004,20221215004,DEBIT,-373368.46
15/12/2022,SISPAG FORNECEDORES,20221215005,20221215005,DEBIT,-1404.26
15/12/2022,SISPAG FORNECEDORES TED,20221215006,20221215006,DEBIT,-8209990.20
15/12/2022,SISPAG FORNECEDORES,20221215007,20221215007,DEBIT,-58762.45
15/12/2022,TAR TED SISPAG,20221215008,20221215008,DEBIT,-17.7
15/12/2022,SISPAG  LFX DESP ASS ADU,20221215009,20221215009,CREDIT,1507.14
15/12/2022,01-FIN COMPRA 4022153133,20221215010,20221215010,CREDIT,467780.17
15/12/2022,TED 0012857FERMAC C C A,20221215011,20221215011,CREDIT,1300000.00
15/12/2022,PIX TRANSF  Dinatec15/12,20221215012,20221215012,CREDIT,4000.00
15/12/2022,PIX TRANSF  SILVIO 15/12,20221215013,20221215013,CREDIT,70000.00
15/12/2022,TED 1020001FERMAC C C,20221215014,20221215014,CREDIT,750000.00
15/12/2022,TAR/CUSTAS COBRANCA,20221215015,20221215015,DEBIT,-8.52
15/12/2022,REND PAGO APLIC AUT MAIS,20221215016,20221215016,CREDIT,34.1
15/12/2022,MOV TIT COB DISP  15/12S,20221215017,20221215017,CREDIT,16974.37
16/12/2022,RSHOP-PAG*Mydock -001016,20221216001,20221216001,DEBIT,-190
16/12/2022,SISPAG FORNECEDORES,20221216002,20221216002,DEBIT,-2412.93
16/12/2022,SISPAG FORNECEDORES,20221216003,20221216003,DEBIT,-5814.64
16/12/2022,SISPAG FORNECEDORES TED,20221216004,20221216004,DEBIT,-9917.88
16/12/2022,SISPAG FORNECEDORES,20221216005,20221216005,DEBIT,-12465.54
16/12/2022,TAR C/C SISPAG,20221216006,20221216006,DEBIT,-0.12
16/12/2022,TAR TED SISPAG,20221216007,20221216007,DEBIT,-5.9
16/12/2022,01-FIN COMPRA 4022160161,20221216008,20221216008,CREDIT,320784.26
16/12/2022,TED 0011196SUN GL EXPR,20221216009,20221216009,CREDIT,6145.21
16/12/2022,TAR/CUSTAS COBRANCA,20221216010,20221216010,DEBIT,-19.88
16/12/2022,MOV TIT COB DISP  16/12S,20221216011,20221216011,CREDIT,42183.43
19/12/2022,SISPAG FORNECEDORES,20221219001,20221219001,DEBIT,-900
19/12/2022,SISPAG FORNECEDORES,20221219002,20221219002,DEBIT,-380
19/12/2022,SISPAG FORNECEDORES TED,20221219003,20221219003,DEBIT,-17229.43
19/12/2022,SISPAG FORNECEDORES TED,20221219004,20221219004,DEBIT,-26844.73
19/12/2022,SISPAG FORNECEDORES,20221219005,20221219005,DEBIT,-2146.74
19/12/2022,TAR TED SISPAG,20221219006,20221219006,DEBIT,-5.9
19/12/2022,TAR TED SISPAG,20221219007,20221219007,DEBIT,-23.6
19/12/2022,SISPAG  ENGEVAL A E V E,20221219008,20221219008,CREDIT,68891.19
19/12/2022,SISPAG  TRANSBRASA TRANS,20221219009,20221219009,CREDIT,389.03
19/12/2022,TED 0011196SUN GL EXPR,20221219010,20221219010,CREDIT,5519.53
19/12/2022,TAR/CUSTAS COBRANCA,20221219011,20221219011,DEBIT,-68.16
19/12/2022,TAR CONTR/RENOV CTA GAR,20221219012,20221219012,DEBIT,-165
19/12/2022,MOV TIT COB DISP  19/12S,20221219013,20221219013,CREDIT,657273.59
20/12/2022,SISPAG TRIBUTOS,20221220001,20221220001,DEBIT,-1965.85
20/12/2022,SISPAG TRIBUTOS,20221220002,20221220002,DEBIT,-24527.68
20/12/2022,SISPAG TRIBUTOS,20221220003,20221220003,DEBIT,-171936.26
20/12/2022,SISPAG TRIBUTOS,20221220004,20221220004,DEBIT,-32357.62
20/12/2022,SISPAG FORNECEDORES,20221220005,20221220005,DEBIT,-10720.80
20/12/2022,SISPAG FORNECEDORES,20221220006,20221220006,DEBIT,-4330.86
20/12/2022,SISPAG FORNECEDORES,20221220007,20221220007,DEBIT,-50494.00
20/12/2022,SISPAG FORNECEDORES,20221220008,20221220008,DEBIT,-149.05
20/12/2022,SISPAG FORNECEDORES,20221220009,20221220009,DEBIT,-83
20/12/2022,SISPAG FORNECEDORES,20221220010,20221220010,DEBIT,-450
20/12/2022,SISPAG FORNECEDORES,20221220011,20221220011,DEBIT,-53.53
20/12/2022,SISPAG FORNECEDORES TED,20221220012,20221220012,DEBIT,-90010.62
20/12/2022,SISPAG FORNECEDORES TED,20221220013,20221220013,DEBIT,-49582.91
20/12/2022,SISPAG FORNECEDORES,20221220014,20221220014,DEBIT,-1790.82
20/12/2022,SISPAG FORNECEDORES,20221220015,20221220015,DEBIT,-16120.76
20/12/2022,TAR C/C SISPAG,20221220016,20221220016,DEBIT,-0.24
20/12/2022,TAR C/C SISPAG,20221220017,20221220017,DEBIT,-0.24
20/12/2022,TAR C/C SISPAG,20221220018,20221220018,DEBIT,-1.44
20/12/2022,TAR TED SISPAG,20221220019,20221220019,DEBIT,-118
20/12/2022,TAR TED SISPAG,20221220020,20221220020,DEBIT,-5.9
20/12/2022,PIX TRANSF  GILMAR 20/12,20221220021,20221220021,CREDIT,2535.16
20/12/2022,TAR/CUSTAS COBRANCA,20221220022,20221220022,DEBIT,-28.4
20/12/2022,REND PAGO APLIC AUT MAIS,20221220023,20221220023,CREDIT,1.87
20/12/2022,MOV TIT COB DISP  20/12S,20221220024,20221220024,CREDIT,150290.47
21/12/2022,SISPAG TRIBUTOS,20221221001,20221221001,DEBIT,-59086.59
21/12/2022,SISPAG FORNECEDORES,20221221002,20221221002,DEBIT,-4600.85
21/12/2022,SISPAG FORNECEDORES,20221221003,20221221003,DEBIT,-15044.95
21/12/2022,SISPAG FORNECEDORES,20221221004,20221221004,DEBIT,-32.48
21/12/2022,SISPAG FORNECEDORES,20221221005,20221221005,DEBIT,-101.45
21/12/2022,SISPAG FORNECEDORES,20221221006,20221221006,DEBIT,-770.24
21/12/2022,SISPAG FORNECEDORES,20221221007,20221221007,DEBIT,-7320.30
21/12/2022,SISPAG FORNECEDORES,20221221008,20221221008,DEBIT,-2000.00
21/12/2022,SISPAG FORNECEDORES TED,20221221009,20221221009,DEBIT,-18860.71
21/12/2022,SISPAG FORNECEDORES,20221221010,20221221010,DEBIT,-30650.68
21/12/2022,SISPAG FORNECEDORES,20221221011,20221221011,DEBIT,-775.96
21/12/2022,SISPAG FORNECEDORES,20221221012,20221221012,DEBIT,-1669.50
21/12/2022,TAR C/C SISPAG,20221221013,20221221013,DEBIT,-0.12
21/12/2022,TAR C/C SISPAG,20221221014,20221221014,DEBIT,-0.12
21/12/2022,TAR TED SISPAG,20221221015,20221221015,DEBIT,-5.9
21/12/2022,PIX TRANSF  GRUPO S21/12,20221221016,20221221016,CREDIT,5554.11
21/12/2022,PIX TRANSF  SONIA M21/12,20221221017,20221221017,CREDIT,28.18
21/12/2022,TAR/CUSTAS COBRANCA,20221221018,20221221018,DEBIT,-22.72
21/12/2022,REND PAGO APLIC AUT MAIS,20221221019,20221221019,CREDIT,0.68
21/12/2022,MOV TIT COB DISP  21/12S,20221221020,20221221020,CREDIT,61337.84
22/12/2022,RSHOP-A I  SERVIC-001016,20221222001,20221222001,DEBIT,-120
22/12/2022,SISPAG FORNECEDORES,20221222002,20221222002,DEBIT,-6956.04
22/12/2022,SISPAG FORNECEDORES,20221222003,20221222003,DEBIT,-400
22/12/2022,SISPAG FORNECEDORES,20221222004,20221222004,DEBIT,-1505.82
22/12/2022,TAR C/C SISPAG,20221222005,20221222005,DEBIT,-0.12
22/12/2022,SISPAG  FUNERAL SERVICE,20221222006,20221222006,CREDIT,20000.00
22/12/2022,TAR/CUSTAS COBRANCA,20221222007,20221222007,DEBIT,-42.6
22/12/2022,MOV TIT COB DISP  22/12S,20221222008,20221222008,CREDIT,143069.18
23/12/2022,SISPAG TRIBUTOS,20221223001,20221223001,DEBIT,-159553.21
23/12/2022,SISPAG FORNECEDORES,20221223002,20221223002,DEBIT,-12020.55
23/12/2022,SISPAG FORNECEDORES,20221223003,20221223003,DEBIT,-17405.95
23/12/2022,SISPAG FORNECEDORES TED,20221223004,20221223004,DEBIT,-34955.68
23/12/2022,SISPAG FORNECEDORES TED,20221223005,20221223005,DEBIT,-68000.00
23/12/2022,SISPAG FORNECEDORES,20221223006,20221223006,DEBIT,-17000.00
23/12/2022,SISPAG FORNECEDORES,20221223007,20221223007,DEBIT,-84.52
23/12/2022,TAR C/C SISPAG,20221223008,20221223008,DEBIT,-0.12
23/12/2022,TAR TED SISPAG,20221223009,20221223009,DEBIT,-11.8
23/12/2022,TAR TED SISPAG,20221223010,20221223010,DEBIT,-5.9
23/12/2022,SISPAG  CRAFT MULT LTDA,20221223011,20221223011,CREDIT,653.37
23/12/2022,SISPAG  NUTRILATINO INDU,20221223012,20221223012,CREDIT,1337.82
23/12/2022,TED 0334008IBACEM AGRIC,20221223013,20221223013,CREDIT,11197.00
23/12/2022,PIX TRANSF  M T MAR23/12,20221223014,20221223014,CREDIT,6976.60
23/12/2022,TAR/CUSTAS COBRANCA,20221223015,20221223015,DEBIT,-22.72
23/12/2022,REND PAGO APLIC AUT MAIS,20221223016,20221223016,CREDIT,2.11
23/12/2022,MOV TIT COB DISP  23/12S,20221223017,20221223017,CREDIT,63044.74
26/12/2022,SISPAG FORNECEDORES,20221226001,20221226001,DEBIT,-73668.72
26/12/2022,SISPAG FORNECEDORES,20221226002,20221226002,DEBIT,-175.99
26/12/2022,SISPAG FORNECEDORES,20221226003,20221226003,DEBIT,-2606.46
26/12/2022,01-FIN COMPRA 4022197385,20221226004,20221226004,CREDIT,2463342.27
26/12/2022,TAR/CUSTAS COBRANCA,20221226005,20221226005,DEBIT,-71
26/12/2022,MOV TIT COB DISP  26/12S,20221226006,20221226006,CREDIT,484290.89
27/12/2022,SISPAG FORNECEDORES,20221227001,20221227001,DEBIT,-1020.00
27/12/2022,SISPAG FORNECEDORES,20221227002,20221227002,DEBIT,-2189.34
27/12/2022,SISPAG FORNECEDORES,20221227003,20221227003,DEBIT,-6766.36
27/12/2022,SISPAG FORNECEDORES,20221227004,20221227004,DEBIT,-1650.00
27/12/2022,SISPAG FORNECEDORES TED,20221227005,20221227005,DEBIT,-663.03
27/12/2022,SISPAG FORNECEDORES,20221227006,20221227006,DEBIT,-399
27/12/2022,SISPAG FORNECEDORES,20221227007,20221227007,DEBIT,-1517.06
27/12/2022,TAR TED SISPAG,20221227008,20221227008,DEBIT,-5.9
27/12/2022,PIX TRANSF  MARCUS 27/12,20221227009,20221227009,CREDIT,1000.00
27/12/2022,TAR/CUSTAS COBRANCA,20221227010,20221227010,DEBIT,-5.68
27/12/2022,REND PAGO APLIC AUT MAIS,20221227011,20221227011,CREDIT,0.19
27/12/2022,MOV TIT COB DISP  27/12S,20221227012,20221227012,CREDIT,4043.50
28/12/2022,SISPAG FORNECEDORES,20221228001,20221228001,DEBIT,-65779.92
28/12/2022,SISPAG FORNECEDORES,20221228002,20221228002,DEBIT,-1545.52
28/12/2022,SISPAG  AGROCERES N AN L,20221228003,20221228003,CREDIT,60
28/12/2022,SISPAG  AGROCERES N AN L,20221228004,20221228004,CREDIT,151.8
28/12/2022,SISPAG  ESPECIFER I E EI,20221228005,20221228005,CREDIT,41043.71
28/12/2022,01-FIN COMPRA 4022198087,20221228006,20221228006,CREDIT,465946.63
28/12/2022,PIX TRANSF  MARCUS 28/12,20221228007,20221228007,CREDIT,399.72
28/12/2022,TAR/CUSTAS COBRANCA,20221228008,20221228008,DEBIT,-22.72
28/12/2022,MOV TIT COB DISP  28/12S,20221228009,20221228009,CREDIT,352351.21
29/12/2022,SISPAG TRIBUTOS,20221229001,20221229001,DEBIT,-13811.34
29/12/2022,SISPAG TRIBUTOS,20221229002,20221229002,DEBIT,-313545.87
29/12/2022,SISPAG FORNECEDORES,20221229003,20221229003,DEBIT,-5238.19
29/12/2022,SISPAG FORNECEDORES,20221229004,20221229004,DEBIT,-19839.08
29/12/2022,SISPAG FORNECEDORES TED,20221229005,20221229005,DEBIT,-2883.68
29/12/2022,SISPAG FORNECEDORES,20221229006,20221229006,DEBIT,-445
29/12/2022,TAR C/C SISPAG,20221229007,20221229007,DEBIT,-0.12
29/12/2022,TAR C/C SISPAG,20221229008,20221229008,DEBIT,-0.12
29/12/2022,TAR TED SISPAG,20221229009,20221229009,DEBIT,-5.9
29/12/2022,TAR/CUSTAS COBRANCA,20221229010,20221229010,DEBIT,-19.88
29/12/2022,REND PAGO APLIC AUT MAIS,20221229011,20221229011,CREDIT,7.69
29/12/2022,MOV TIT COB DISP  29/12S,20221229012,20221229012,CREDIT,42434.02
30/12/2022,SISPAG FORNECEDORES,20221230001,20221230001,DEBIT,-39266.54
30/12/2022,SISPAG FORNECEDORES,20221230002,20221230002,DEBIT,-1970.85
30/12/2022,SISPAG FORNECEDORES TED,20221230003,20221230003,DEBIT,-2064.70
30/12/2022,TAR C/C SISPAG,20221230004,20221230004,DEBIT,-0.24
30/12/2022,TAR TED SISPAG,20221230005,20221230005,DEBIT,-5.9
30/12/2022,TAR/CUSTAS COBRANCA,20221230006,20221230006,DEBIT,-2.84
30/12/2022,TRANSF  487126684-9,20221230007,20221230007,CREDIT,31203.07
30/12/2022,REND PAGO APLIC AUT MAIS,20221230008,20221230008,CREDIT,0.33
02/01/2023,SISPAG FORNECEDORES,20230102001,20230102001,DEBIT,-13997.33
02/01/2023,SISPAG FORNECEDORES,20230102002,20230102002,DEBIT,-113289.88
02/01/2023,SISPAG FORNECEDORES,20230102003,20230102003,DEBIT,-2560.35
02/01/2023,SISPAG FORNECEDORES TED,20230102004,20230102004,DEBIT,-9041568.45
02/01/2023,SISPAG FORNECEDORES,20230102005,20230102005,DEBIT,-31390.27
02/01/2023,SISPAG FORNECEDORES,20230102006,20230102006,DEBIT,-875.63
02/01/2023,TAR TED SISPAG,20230102007,20230102007,DEBIT,-11.8
02/01/2023,AG TEF 487126683-1,20230102008,20230102008,CREDIT,1500000.00
02/01/2023,AG TEF 487126683-1,20230102009,20230102009,CREDIT,300000.00
02/01/2023,TED 0012857FERMAC C C A,20230102010,20230102010,CREDIT,3000000.00
02/01/2023,TED 0012857FERMAC C C A,20230102011,20230102011,CREDIT,130000.00
02/01/2023,TAR/CUSTAS COBRANCA,20230102012,20230102012,DEBIT,-17.04
02/01/2023,TAR CARTAO PJ,20230102013,20230102013,DEBIT,-7.35
02/01/2023,REND PAGO APLIC AUT MAIS,20230102014,20230102014,CREDIT,49.58
02/01/2023,MOV TIT COB DISP  02/01S,20230102015,20230102015,CREDIT,76555.84
03/01/2023,SISPAG FORNECEDORES,20230103001,20230103001,DEBIT,-12720.00
03/01/2023,SISPAG FORNECEDORES,20230103002,20230103002,DEBIT,-6099.00
03/01/2023,SISPAG FORNECEDORES,20230103003,20230103003,DEBIT,-16230.35
03/01/2023,TAR C/C SISPAG,20230103004,20230103004,DEBIT,-0.24
03/01/2023,TAR/CUSTAS COBRANCA,20230103005,20230103005,DEBIT,-39.76
03/01/2023,SISPAG  ESPECIFER I E EI,20230103006,20230103006,CREDIT,9500.00
03/01/2023,AG TEF 487126684-9,20230103007,20230103007,CREDIT,238853.42
03/01/2023,01-FIN COMPRA 2023221927,20230103008,20230103008,CREDIT,1836731.13
03/01/2023,PIX TRANSF  Coopera03/01,20230103009,20230103009,CREDIT,697.46
03/01/2023,PIX TRANSF  DOCE F 03/01,20230103010,20230103010,CREDIT,1346.20
03/01/2023,TAR/CUSTAS COBRANCA,20230103011,20230103011,DEBIT,-2.84
03/01/2023,TAR MANUT CONTA    12/22,20230103012,20230103012,DEBIT,-61
03/01/2023,TAR MOV CONTA CONTRATUAL,20230103013,20230103013,DEBIT,-20
03/01/2023,TAR PIX PGTO TRANSF,20230103014,20230103014,DEBIT,-17
04/01/2023,SISPAG TRIBUTOS,20230104001,20230104001,DEBIT,-130.91
04/01/2023,SISPAG TRIBUTOS,20230104002,20230104002,DEBIT,-1964.32
04/01/2023,SISPAG FORNECEDORES,20230104003,20230104003,DEBIT,-3510.00
04/01/2023,SISPAG FORNECEDORES,20230104004,20230104004,DEBIT,-600
04/01/2023,SISPAG FORNECEDORES TED,20230104005,20230104005,DEBIT,-7249.30
04/01/2023,SISPAG FORNECEDORES,20230104006,20230104006,DEBIT,-34944.78
04/01/2023,SISPAG FORNECEDORES,20230104007,20230104007,DEBIT,-295
04/01/2023,TAR C/C SISPAG,20230104008,20230104008,DEBIT,-0.12
04/01/2023,TAR TED SISPAG,20230104009,20230104009,DEBIT,-5.9
04/01/2023,TAR/CUSTAS COBRANCA,20230104010,20230104010,DEBIT,-5.68
04/01/2023,SISPAG  ESPECIFER I E EI,20230104011,20230104011,CREDIT,4100.00
04/01/2023,SISPAG  HYDRO EXTRUSION,20230104012,20230104012,CREDIT,1170.03
04/01/2023,01-FIN COMPRA 2023227196,20230104013,20230104013,CREDIT,458885.98
04/01/2023,TRANSF  487126684-9,20230104014,20230104014,CREDIT,124464.13
04/01/2023,JUROS       487126683-1,20230104015,20230104015,DEBIT,-3377.14
05/01/2023,AG TEF 487126683-1,20230105001,20230105001,DEBIT,-1800000.00
05/01/2023,SISPAG TRIBUTOS,20230105002,20230105002,DEBIT,-633.7
05/01/2023,SISPAG TRIBUTOS,20230105003,20230105003,DEBIT,-53.93
05/01/2023,SISPAG TRIBUTOS,20230105004,20230105004,DEBIT,-1010.02
05/01/2023,SISPAG FORNECEDORES,20230105005,20230105005,DEBIT,-110263.00
05/01/2023,SISPAG FORNECEDORES,20230105006,20230105006,DEBIT,-39608.03
05/01/2023,SISPAG FORNECEDORES,20230105007,20230105007,DEBIT,-7000.00
05/01/2023,SISPAG FORNECEDORES TED,20230105008,20230105008,DEBIT,-208026.57
05/01/2023,SISPAG FORNECEDORES,20230105009,20230105009,DEBIT,-13179.41
05/01/2023,TAR C/C SISPAG,20230105010,20230105010,DEBIT,-1.92
05/01/2023,TAR TED SISPAG,20230105011,20230105011,DEBIT,-147.5
05/01/2023,TAR/CUSTAS COBRANCA,20230105012,20230105012,DEBIT,-5.68
05/01/2023,SISPAG  ENGEVAL A E V E,20230105013,20230105013,CREDIT,191505.09
05/01/2023,SISPAG  ONOKAWA ASSISTEN,20230105014,20230105014,CREDIT,9700.00
05/01/2023,TRANSF  487126684-9,20230105015,20230105015,CREDIT,2472.56
05/01/2023,TED 1020001FERMAC C C,20230105016,20230105016,CREDIT,600000.00
05/01/2023,TAR CONTR/RENOV CTA GAR,20230105017,20230105017,DEBIT,-165
05/01/2023,REND PAGO APLIC AUT MAIS,20230105018,20230105018,CREDIT,2.53
06/01/2023,SISPAG TRIBUTOS,20230106001,20230106001,DEBIT,-24995.49
06/01/2023,SISPAG FORNECEDORES,20230106002,20230106002,DEBIT,-1585.00
06/01/2023,SISPAG FORNECEDORES,20230106003,20230106003,DEBIT,-232.57
06/01/2023,SISPAG FORNECEDORES,20230106004,20230106004,DEBIT,-16452.87
06/01/2023,SISPAG FORNECEDORES,20230106005,20230106005,DEBIT,-1402.50
06/01/2023,TAR/CUSTAS COBRANCA,20230106006,20230106006,DEBIT,-28.4
06/01/2023,TRANSF  487126684-9,20230106007,20230106007,CREDIT,25901.12
06/01/2023,PIX TRANSF  BRUNO T06/01,20230106008,20230106008,CREDIT,240.33
06/01/2023,TAR MOV CONTA CONTRATUAL,20230106009,20230106009,DEBIT,-10
06/01/2023,REND PAGO APLIC AUT MAIS,20230106010,20230106010,CREDIT,0.04
09/01/2023,SISPAG TRIBUTOS,20230109001,20230109001,DEBIT,-50196.09
09/01/2023,SISPAG FORNECEDORES,20230109002,20230109002,DEBIT,-27452.56
09/01/2023,SISPAG FORNECEDORES,20230109003,20230109003,DEBIT,-8389.28
09/01/2023,SISPAG FORNECEDORES,20230109004,20230109004,DEBIT,-1847.67
09/01/2023,SISPAG FORNECEDORES,20230109005,20230109005,DEBIT,-527.49
09/01/2023,SISPAG FORNECEDORES,20230109006,20230109006,DEBIT,-900
09/01/2023,SISPAG FORNECEDORES,20230109007,20230109007,DEBIT,-2356.18
09/01/2023,TAR C/C SISPAG,20230109008,20230109008,DEBIT,-0.36
09/01/2023,TAR C/C SISPAG,20230109009,20230109009,DEBIT,-0.24
09/01/2023,TAR/CUSTAS COBRANCA,20230109010,20230109010,DEBIT,-2.84
09/01/2023,01-FIN COMPRA 2023233198,20230109011,20230109011,CREDIT,946943.10
09/01/2023,TED 7480738DINATEC ESP,20230109012,20230109012,CREDIT,100000.00
09/01/2023,TRANSF  487126684-9,20230109013,20230109013,CREDIT,79.93
09/01/2023,TAR/CUSTAS COBRANCA,20230109014,20230109014,DEBIT,-2.84
09/01/2023,MOV TIT COB DISP  09/01S,20230109015,20230109015,CREDIT,8289.08
10/01/2023,RSHOP-FABIO ALVES-001016,20230110001,20230110001,DEBIT,-27.5
10/01/2023,RSHOP-KALUNGA    -001016,20230110002,20230110002,DEBIT,-629.9
10/01/2023,SISPAG TRIBUTOS,20230110003,20230110003,DEBIT,-61493.71
10/01/2023,SISPAG TRIBUTOS,20230110004,20230110004,DEBIT,-33789.95
10/01/2023,SISPAG FORNECEDORES,20230110005,20230110005,DEBIT,-28650.93
10/01/2023,SISPAG FORNECEDORES,20230110006,20230110006,DEBIT,-7186.89
10/01/2023,SISPAG FORNECEDORES,20230110007,20230110007,DEBIT,-6475.65
10/01/2023,SISPAG FORNECEDORES,20230110008,20230110008,DEBIT,-844.65
10/01/2023,SISPAG FORNECEDORES TED,20230110009,20230110009,DEBIT,-431157.72
10/01/2023,SISPAG FORNECEDORES TED,20230110010,20230110010,DEBIT,-99753.38
10/01/2023,SISPAG FORNECEDORES,20230110011,20230110011,DEBIT,-18340.25
10/01/2023,TAR C/C SISPAG,20230110012,20230110012,DEBIT,-0.24
10/01/2023,TAR TED SISPAG,20230110013,20230110013,DEBIT,-5.9
10/01/2023,TAR TED SISPAG,20230110014,20230110014,DEBIT,-29.5
10/01/2023,TAR/CUSTAS COBRANCA,20230110015,20230110015,DEBIT,-25.56
10/01/2023,SISPAG  BASE CARGO LTDA,20230110016,20230110016,CREDIT,9899.44
10/01/2023,TRANSF  487126684-9,20230110017,20230110017,CREDIT,66779.32
10/01/2023,TAR/CUSTAS COBRANCA,20230110018,20230110018,DEBIT,-14.2
10/01/2023,REND PAGO APLIC AUT MAIS,20230110019,20230110019,CREDIT,4.95
10/01/2023,MOV TIT COB DISP  10/01S,20230110020,20230110020,CREDIT,80306.08
11/01/2023,RSHOP-CARREFOUR E-001016,20230111001,20230111001,DEBIT,-215.27
11/01/2023,RSHOP-SOLAR DA LI-001016,20230111002,20230111002,DEBIT,-947.1
11/01/2023,SISPAG TRIBUTOS,20230111003,20230111003,DEBIT,-56093.31
11/01/2023,SISPAG FORNECEDORES,20230111004,20230111004,DEBIT,-29650.00
11/01/2023,SISPAG FORNECEDORES,20230111005,20230111005,DEBIT,-18442.17
11/01/2023,SISPAG FORNECEDORES,20230111006,20230111006,DEBIT,-1392.44
11/01/2023,SISPAG FORNECEDORES,20230111007,20230111007,DEBIT,-850
11/01/2023,SISPAG FORNECEDORES TED,20230111008,20230111008,DEBIT,-21991.93
11/01/2023,SISPAG FORNECEDORES,20230111009,20230111009,DEBIT,-28170.77
11/01/2023,TAR C/C SISPAG,20230111010,20230111010,DEBIT,-0.12
11/01/2023,TAR C/C SISPAG,20230111011,20230111011,DEBIT,-0.12
11/01/2023,TAR TED SISPAG,20230111012,20230111012,DEBIT,-5.9
11/01/2023,TAR 30H INT EMPR PLUS,20230111013,20230111013,DEBIT,-52.4
11/01/2023,SISPAG  ONOKAWA ASSISTEN,20230111014,20230111014,CREDIT,9042.00
11/01/2023,PIX TRANSF  MARCUS 11/01,20230111015,20230111015,CREDIT,50.57
11/01/2023,TAR/CUSTAS COBRANCA,20230111016,20230111016,DEBIT,-8.52
11/01/2023,REND PAGO APLIC AUT MAIS,20230111017,20230111017,CREDIT,1.22
11/01/2023,MOV TIT COB DISP  11/01S,20230111018,20230111018,CREDIT,52509.19
12/01/2023,SISPAG FORNECEDORES,20230112001,20230112001,DEBIT,-2045.76
12/01/2023,SISPAG FORNECEDORES,20230112002,20230112002,DEBIT,-637.21
12/01/2023,SISPAG FORNECEDORES,20230112003,20230112003,DEBIT,-1200.00
12/01/2023,SISPAG FORNECEDORES,20230112004,20230112004,DEBIT,-142.22
12/01/2023,TAR C/C SISPAG,20230112005,20230112005,DEBIT,-0.12
12/01/2023,SISPAG  AGROCERES N AN L,20230112006,20230112006,CREDIT,49.5
12/01/2023,SISPAG  AGROCERES N AN L,20230112007,20230112007,CREDIT,49.5
12/01/2023,SISPAG  AGROCERES N AN L,20230112008,20230112008,CREDIT,154.54
12/01/2023,SISPAG  AGROCERES N AN L,20230112009,20230112009,CREDIT,154.54
12/01/2023,TAR/CUSTAS COBRANCA,20230112010,20230112010,DEBIT,-14.2
12/01/2023,SISDEB  PORTO SEGURO,20230112011,20230112011,DEBIT,-911.51
12/01/2023,MOV TIT COB DISP  12/01S,20230112012,20230112012,CREDIT,153111.84
13/01/2023,SISPAG FORNECEDORES,20230113001,20230113001,DEBIT,-12829.41
13/01/2023,SISPAG FORNECEDORES,20230113002,20230113002,DEBIT,-2995.88
13/01/2023,SISPAG FORNECEDORES,20230113003,20230113003,DEBIT,-900
13/01/2023,SISPAG FORNECEDORES,20230113004,20230113004,DEBIT,-12192.18
13/01/2023,TAR C/C SISPAG,20230113005,20230113005,DEBIT,-0.12
13/01/2023,01-FIN COMPRA 2023262966,20230113006,20230113006,CREDIT,416519.15
13/01/2023,01-FIN COMPRA 2023262989,20230113007,20230113007,CREDIT,2901408.67
13/01/2023,TED 7480738DINATEC ESP,20230113008,20230113008,CREDIT,90000.00
13/01/2023,PIX TRANSF  IBO F E13/01,20230113009,20230113009,CREDIT,560.82
13/01/2023,PIX TRANSF  JAILTON13/01,20230113010,20230113010,CREDIT,214
13/01/2023,PIX TRANSF  TANATO 13/01,20230113011,20230113011,CREDIT,11577.00
13/01/2023,TED 1020001FERMAC C C,20230113012,20230113012,CREDIT,315000.00
13/01/2023,TAR/CUSTAS COBRANCA,20230113013,20230113013,DEBIT,-8.52
13/01/2023,MOV TIT COB DISP  13/01S,20230113014,20230113014,CREDIT,135064.00
16/01/2023,SISPAG FORNECEDORES TED,20230116001,20230116001,DEBIT,-7578332.86
16/01/2023,TAR TED SISPAG,20230116002,20230116002,DEBIT,-17.7
16/01/2023,AG TEF 487120981-5,20230116003,20230116003,CREDIT,1000000.00
16/01/2023,01-OP REC EXT 2023267914,20230116004,20230116004,CREDIT,76705.88
16/01/2023,TED 0012857FERMAC C C A,20230116005,20230116005,CREDIT,1000000.00
16/01/2023,PIX TRANSF  SILVIO 16/01,20230116006,20230116006,CREDIT,70000.00
16/01/2023,TAR/CUSTAS COBRANCA,20230116007,20230116007,DEBIT,-25.56
16/01/2023,REND PAGO APLIC AUT MAIS,20230116008,20230116008,CREDIT,28.73
16/01/2023,MOV TIT COB DISP  16/01S,20230116009,20230116009,CREDIT,435564.17
17/01/2023,SISPAG FORNECEDORES,20230117001,20230117001,DEBIT,-27696.54
17/01/2023,SISPAG FORNECEDORES,20230117002,20230117002,DEBIT,-450
17/01/2023,SISPAG FORNECEDORES TED,20230117003,20230117003,DEBIT,-191598.14
17/01/2023,SISPAG FORNECEDORES TED,20230117004,20230117004,DEBIT,-20000.00
17/01/2023,SISPAG FORNECEDORES,20230117005,20230117005,DEBIT,-753.56
17/01/2023,TAR C/C SISPAG,20230117006,20230117006,DEBIT,-0.12
17/01/2023,TAR TED SISPAG,20230117007,20230117007,DEBIT,-11.8
17/01/2023,TAR TED SISPAG,20230117008,20230117008,DEBIT,-5.9
17/01/2023,SISPAG  CRAFT MULT LTDA,20230117009,20230117009,CREDIT,457.13
17/01/2023,01-FIN COMPRA 2023273143,20230117010,20230117010,CREDIT,306033.51
17/01/2023,01-OP REC EXT 2023273157,20230117011,20230117011,CREDIT,248306.50
17/01/2023,TAR/CUSTAS COBRANCA,20230117012,20230117012,DEBIT,-8.52
17/01/2023,TAR CONTR/RENOV CTA GAR,20230117013,20230117013,DEBIT,-165
17/01/2023,TAR MOV CONTA CONTRATUAL,20230117014,20230117014,DEBIT,-10
17/01/2023,MOV TIT COB DISP  17/01S,20230117015,20230117015,CREDIT,32432.51
18/01/2023,SISPAG FORNECEDORES,20230118001,20230118001,DEBIT,-11506.94
18/01/2023,SISPAG FORNECEDORES,20230118002,20230118002,DEBIT,-865.05
18/01/2023,SISPAG FORNECEDORES TED,20230118003,20230118003,DEBIT,-107
18/01/2023,SISPAG FORNECEDORES,20230118004,20230118004,DEBIT,-1505.82
18/01/2023,TAR TED SISPAG,20230118005,20230118005,DEBIT,-5.9
18/01/2023,01-OP REC EXT 2023277895,20230118006,20230118006,CREDIT,217634.58
18/01/2023,TED 1020001FERMAC C C,20230118007,20230118007,CREDIT,230000.00
18/01/2023,TAR/CUSTAS COBRANCA,20230118008,20230118008,DEBIT,-5.68
18/01/2023,MOV TIT COB DISP  18/01S,20230118009,20230118009,CREDIT,639.16
19/01/2023,AG TEF 487120981-5,20230119001,20230119001,DEBIT,-1000000.00
19/01/2023,SISPAG FORNECEDORES,20230119002,20230119002,DEBIT,-633.5
19/01/2023,SISPAG FORNECEDORES,20230119003,20230119003,DEBIT,-7356.10
19/01/2023,01-FIN COMPRA 2023283220,20230119004,20230119004,CREDIT,643651.75
19/01/2023,PIX TRANSF  Daniela19/01,20230119005,20230119005,CREDIT,13492.50
19/01/2023,PIX TRANSF  Dinatec19/01,20230119006,20230119006,CREDIT,80000.00
19/01/2023,TAR/CUSTAS COBRANCA,20230119007,20230119007,DEBIT,-8.52
19/01/2023,REND PAGO APLIC AUT MAIS,20230119008,20230119008,CREDIT,1.65
19/01/2023,MOV TIT COB DISP  19/01S,20230119009,20230119009,CREDIT,6092.70
20/01/2023,RSHOP-PAG*Mydock -001016,20230120001,20230120001,DEBIT,-199
20/01/2023,SISPAG TRIBUTOS,20230120002,20230120002,DEBIT,-85855.79
20/01/2023,SISPAG TRIBUTOS,20230120003,20230120003,DEBIT,-57711.62
20/01/2023,SISPAG TRIBUTOS,20230120004,20230120004,DEBIT,-70219.12
20/01/2023,SISPAG FORNECEDORES,20230120005,20230120005,DEBIT,-13268.00
20/01/2023,SISPAG FORNECEDORES,20230120006,20230120006,DEBIT,-25357.49
20/01/2023,SISPAG FORNECEDORES,20230120007,20230120007,DEBIT,-1034.32
20/01/2023,SISPAG FORNECEDORES,20230120008,20230120008,DEBIT,-1674.85
20/01/2023,SISPAG FORNECEDORES,20230120009,20230120009,DEBIT,-128.1
20/01/2023,SISPAG FORNECEDORES,20230120010,20230120010,DEBIT,-1126.20
20/01/2023,SISPAG FORNECEDORES,20230120011,20230120011,DEBIT,-750
20/01/2023,SISPAG FORNECEDORES,20230120012,20230120012,DEBIT,-400.64
20/01/2023,SISPAG FORNECEDORES TED,20230120013,20230120013,DEBIT,-62472.98
20/01/2023,SISPAG FORNECEDORES TED,20230120014,20230120014,DEBIT,-26257.00
20/01/2023,SISPAG FORNECEDORES,20230120015,20230120015,DEBIT,-13673.43
20/01/2023,TAR C/C SISPAG,20230120016,20230120016,DEBIT,-1.08
20/01/2023,TAR C/C SISPAG,20230120017,20230120017,DEBIT,-0.48
20/01/2023,TAR TED SISPAG,20230120018,20230120018,DEBIT,-41.3
20/01/2023,TAR TED SISPAG,20230120019,20230120019,DEBIT,-70.8
20/01/2023,01-FIN COMPRA 2023286948,20230120020,20230120020,CREDIT,527444.98
20/01/2023,TAR/CUSTAS COBRANCA,20230120021,20230120021,DEBIT,-19.88
20/01/2023,TAR MOV CONTA CONTRATUAL,20230120022,20230120022,DEBIT,-10
20/01/2023,MOV TIT COB DISP  20/01S,20230120023,20230120023,CREDIT,53839.44
23/01/2023,SISPAG FORNECEDORES,20230123001,20230123001,DEBIT,-16450.62
23/01/2023,SISPAG FORNECEDORES TED,20230123002,20230123002,DEBIT,-18833.17
23/01/2023,SISPAG FORNECEDORES,20230123003,20230123003,DEBIT,-2279.35
23/01/2023,TAR TED SISPAG,20230123004,20230123004,DEBIT,-11.8
23/01/2023,SISPAG  PLUMA AGRO AVIC,20230123005,20230123005,CREDIT,196915.43
23/01/2023,TAR/CUSTAS COBRANCA,20230123006,20230123006,DEBIT,-48.28
23/01/2023,MOV TIT COB DISP  23/01S,20230123007,20230123007,CREDIT,243086.26
24/01/2023,SISPAG FORNECEDORES,20230124001,20230124001,DEBIT,-150
24/01/2023,SISPAG FORNECEDORES,20230124002,20230124002,DEBIT,-31169.53
24/01/2023,SISPAG  FERMAC AIR SERV,20230124003,20230124003,CREDIT,8000.00
24/01/2023,TAR/CUSTAS COBRANCA,20230124004,20230124004,DEBIT,-14.2
24/01/2023,MOV TIT COB DISP  24/01S,20230124005,20230124005,CREDIT,25002.00
25/01/2023,SISPAG TRIBUTOS,20230125001,20230125001,DEBIT,-96600.48
25/01/2023,SISPAG FORNECEDORES,20230125002,20230125002,DEBIT,-70350.69
25/01/2023,SISPAG FORNECEDORES,20230125003,20230125003,DEBIT,-910
25/01/2023,SISPAG FORNECEDORES,20230125004,20230125004,DEBIT,-6150.00
25/01/2023,SISPAG FORNECEDORES,20230125005,20230125005,DEBIT,-7320.30
25/01/2023,SISPAG FORNECEDORES TED,20230125006,20230125006,DEBIT,-156
25/01/2023,SISPAG FORNECEDORES,20230125007,20230125007,DEBIT,-5073.63
25/01/2023,BLOQUEIO JUDICIAL,20230125008,20230125008,DEBIT,-94022.36
25/01/2023,TAR TED SISPAG,20230125009,20230125009,DEBIT,-5.9
25/01/2023,TAR/CUSTAS COBRANCA,20230125010,20230125010,DEBIT,-11.36
25/01/2023,REND PAGO APLIC AUT MAIS,20230125011,20230125011,CREDIT,5.85
25/01/2023,MOV TIT COB DISP  25/01S,20230125012,20230125012,CREDIT,48799.08
26/01/2023,RSHOP-ESTACIONAME-001016,20230126001,20230126001,DEBIT,-6
26/01/2023,RSHOP-M P ASSATO -001016,20230126002,20230126002,DEBIT,-132
26/01/2023,SISPAG FORNECEDORES,20230126003,20230126003,DEBIT,-1010.00
26/01/2023,SISPAG FORNECEDORES,20230126004,20230126004,DEBIT,-400
26/01/2023,SISPAG FORNECEDORES,20230126005,20230126005,DEBIT,-4701.02
26/01/2023,SISPAG FORNECEDORES,20230126006,20230126006,DEBIT,-1725.00
26/01/2023,SISPAG FORNECEDORES,20230126007,20230126007,DEBIT,-435.92
26/01/2023,TAR C/C SISPAG,20230126008,20230126008,DEBIT,-0.12
26/01/2023,PIX TRANSF  Multipl26/01,20230126009,20230126009,CREDIT,642
26/01/2023,TAR/CUSTAS COBRANCA,20230126010,20230126010,DEBIT,-8.52
26/01/2023,REND PAGO APLIC AUT MAIS,20230126011,20230126011,CREDIT,0.12
26/01/2023,MOV TIT COB DISP  26/01S,20230126012,20230126012,CREDIT,4136.92
27/01/2023,SISPAG TRIBUTOS,20230127001,20230127001,DEBIT,-59384.99
27/01/2023,SISPAG FORNECEDORES,20230127002,20230127002,DEBIT,-3876.76
27/01/2023,SISPAG FORNECEDORES,20230127003,20230127003,DEBIT,-1050.00
27/01/2023,SISPAG FORNECEDORES,20230127004,20230127004,DEBIT,-288.71
27/01/2023,SISPAG FORNECEDORES TED,20230127005,20230127005,DEBIT,-32111.48
27/01/2023,SISPAG FORNECEDORES,20230127006,20230127006,DEBIT,-392.11
27/01/2023,TAR C/C SISPAG,20230127007,20230127007,DEBIT,-0.12
27/01/2023,TAR TED SISPAG,20230127008,20230127008,DEBIT,-11.8
27/01/2023,SISPAG  MULTIMPORT BRASI,20230127009,20230127009,CREDIT,13063.09
27/01/2023,TBI 079606147-1     C/C,20230127010,20230127010,CREDIT,64000.00
27/01/2023,01-FIN COMPRA 2023312454,20230127011,20230127011,CREDIT,1443348.49
27/01/2023,01-OP REC EXT 2023312497,20230127012,20230127012,CREDIT,52886.98
27/01/2023,DESBLOQUEIO JUDICIAL,20230127013,20230127013,CREDIT,94022.36
27/01/2023,TAR/CUSTAS COBRANCA,20230127014,20230127014,DEBIT,-17.04
27/01/2023,MOV TIT COB DISP  27/01S,20230127015,20230127015,CREDIT,291582.19
30/01/2023,AG TEF 487120981-5,20230130001,20230130001,DEBIT,-500000.00
30/01/2023,RSHOP-CHAVEIRO LA-001016,20230130002,20230130002,DEBIT,-26
30/01/2023,SISPAG FORNECEDORES,20230130003,20230130003,DEBIT,-10345.08
30/01/2023,SISPAG FORNECEDORES TED,20230130004,20230130004,DEBIT,-6266902.11
30/01/2023,TAR C/C SISPAG,20230130005,20230130005,DEBIT,-0.12
30/01/2023,TAR TED SISPAG,20230130006,20230130006,DEBIT,-5.9
30/01/2023,SISPAG  ENGEVAL A E V E,20230130007,20230130007,CREDIT,301495.07
30/01/2023,SISPAG  MULTIMPORT BRASI,20230130008,20230130008,CREDIT,15135.39
30/01/2023,AG TEF 487120981-5,20230130009,20230130009,CREDIT,500000.00
30/01/2023,01-FIN COMPRA 2023316605,20230130010,20230130010,CREDIT,427973.64
30/01/2023,01-FIN COMPRA 2023320191,20230130011,20230130011,CREDIT,565025.99
30/01/2023,TED 0012857FERMAC C C A,20230130012,20230130012,CREDIT,2000000.00
30/01/2023,PIX TRANSF  ARTFOAM30/01,20230130013,20230130013,CREDIT,20000.00
30/01/2023,PIX TRANSF  DINATEC30/01,20230130014,20230130014,CREDIT,21756.53
30/01/2023,TED 1020001FERMAC C C,20230130015,20230130015,CREDIT,128000.00
30/01/2023,TAR/CUSTAS COBRANCA,20230130016,20230130016,DEBIT,-51.12
30/01/2023,REND PAGO APLIC AUT APR,20230130017,20230130017,CREDIT,34.49
30/01/2023,MOV TIT COB DISP  30/01S,20230130018,20230130018,CREDIT,657275.05